sepal_length,sepal_width,petal_length,petal_width,class
0.6923076923076924,0.28571428571428564,0.9545454545454543,0.904761904761905,Iris-virginica
