sepal_length,sepal_width,petal_length,petal_width,class
0.5000000000000002,0.42857142857142866,0.6363636363636364,0.6190476190476192,Iris-versicolor
