sepal_length,sepal_width,petal_length,petal_width,class
0.3076923076923079,0.7142857142857143,0.022727272727272745,0.09523809523809526,Iris-setosa
